-- MySQL dump 10.13  Distrib 8.2.0, for macos14.0 (x86_64)
--
-- Host: 127.0.0.1    Database: db_dev
-- ------------------------------------------------------
-- Server version	8.1.0

/*!40101 SET @OLD_CHARACTER_SET_CLIENT=@@CHARACTER_SET_CLIENT */;
/*!40101 SET @OLD_CHARACTER_SET_RESULTS=@@CHARACTER_SET_RESULTS */;
/*!40101 SET @OLD_COLLATION_CONNECTION=@@COLLATION_CONNECTION */;
/*!50503 SET NAMES utf8mb4 */;
/*!40103 SET @OLD_TIME_ZONE=@@TIME_ZONE */;
/*!40103 SET TIME_ZONE='+00:00' */;
/*!40014 SET @OLD_UNIQUE_CHECKS=@@UNIQUE_CHECKS, UNIQUE_CHECKS=0 */;
/*!40014 SET @OLD_FOREIGN_KEY_CHECKS=@@FOREIGN_KEY_CHECKS, FOREIGN_KEY_CHECKS=0 */;
/*!40101 SET @OLD_SQL_MODE=@@SQL_MODE, SQL_MODE='NO_AUTO_VALUE_ON_ZERO' */;
/*!40111 SET @OLD_SQL_NOTES=@@SQL_NOTES, SQL_NOTES=0 */;

--
-- Table structure for table `SequelizeMeta`
--

DROP TABLE IF EXISTS `SequelizeMeta`;
/*!40101 SET @saved_cs_client     = @@character_set_client */;
/*!50503 SET character_set_client = utf8mb4 */;
CREATE TABLE `SequelizeMeta` (
  `name` varchar(255) COLLATE utf8mb3_unicode_ci NOT NULL,
  PRIMARY KEY (`name`),
  UNIQUE KEY `name` (`name`)
) ENGINE=InnoDB DEFAULT CHARSET=utf8mb3 COLLATE=utf8mb3_unicode_ci;
/*!40101 SET character_set_client = @saved_cs_client */;

--
-- Dumping data for table `SequelizeMeta`
--

LOCK TABLES `SequelizeMeta` WRITE;
/*!40000 ALTER TABLE `SequelizeMeta` DISABLE KEYS */;
INSERT INTO `SequelizeMeta` VALUES ('20231205070820-create-user.js'),('20231205070832-create-order.js'),('20231205070833-create-address.js'),('20231205070833-create-file.js'),('20231205070833-create-item.js'),('20231205070833-create-transaction.js'),('20231205070834-alter-item.js'),('20231205070835-alter-order.js'),('20231205070836-alter-user.js');
/*!40000 ALTER TABLE `SequelizeMeta` ENABLE KEYS */;
UNLOCK TABLES;

--
-- Table structure for table `t_address`
--

DROP TABLE IF EXISTS `t_address`;
/*!40101 SET @saved_cs_client     = @@character_set_client */;
/*!50503 SET character_set_client = utf8mb4 */;
CREATE TABLE `t_address` (
  `id` int NOT NULL AUTO_INCREMENT,
  `uType` int DEFAULT '1' COMMENT '用户類型',
  `uid` int DEFAULT NULL COMMENT '銷售代表/客户ID',
  `name` varchar(255) DEFAULT NULL COMMENT '真實姓名',
  `province` varchar(255) DEFAULT NULL COMMENT '省',
  `city` varchar(255) DEFAULT NULL COMMENT '市',
  `district` varchar(255) DEFAULT NULL COMMENT '縣區',
  `zipcode` varchar(255) DEFAULT NULL COMMENT '郵遞區',
  `street` varchar(255) DEFAULT NULL COMMENT '地址',
  `phone` varchar(255) DEFAULT NULL COMMENT '市話號碼',
  `mobile` varchar(255) DEFAULT NULL COMMENT '手機號碼',
  `isDefault` tinyint(1) DEFAULT '0' COMMENT '默認地址',
  `createdAt` datetime NOT NULL,
  `updatedAt` datetime NOT NULL,
  `deletedAt` datetime DEFAULT NULL,
  PRIMARY KEY (`id`)
) ENGINE=InnoDB DEFAULT CHARSET=utf8mb4 COLLATE=utf8mb4_0900_ai_ci;
/*!40101 SET character_set_client = @saved_cs_client */;

--
-- Dumping data for table `t_address`
--

LOCK TABLES `t_address` WRITE;
/*!40000 ALTER TABLE `t_address` DISABLE KEYS */;
/*!40000 ALTER TABLE `t_address` ENABLE KEYS */;
UNLOCK TABLES;

--
-- Table structure for table `t_files`
--

DROP TABLE IF EXISTS `t_files`;
/*!40101 SET @saved_cs_client     = @@character_set_client */;
/*!50503 SET character_set_client = utf8mb4 */;
CREATE TABLE `t_files` (
  `id` int NOT NULL AUTO_INCREMENT,
  `name` varchar(255) DEFAULT NULL COMMENT '文件名',
  `fileid` varchar(255) DEFAULT NULL COMMENT '文件ID',
  `hash` varchar(255) DEFAULT NULL COMMENT '文件etag',
  `ext` varchar(255) DEFAULT NULL COMMENT '文件附檔名',
  `type` int DEFAULT NULL COMMENT '文件類型',
  `size` int DEFAULT NULL COMMENT '文件大小',
  `uType` int DEFAULT NULL COMMENT '用户類型',
  `userid` int DEFAULT NULL,
  `public` tinyint(1) DEFAULT '1' COMMENT '公開訪問',
  `extra` json DEFAULT NULL COMMENT '其他信息',
  `createdAt` datetime NOT NULL,
  `updatedAt` datetime NOT NULL,
  `deletedAt` datetime DEFAULT NULL,
  PRIMARY KEY (`id`)
) ENGINE=InnoDB DEFAULT CHARSET=utf8mb4 COLLATE=utf8mb4_0900_ai_ci;
/*!40101 SET character_set_client = @saved_cs_client */;

--
-- Dumping data for table `t_files`
--

LOCK TABLES `t_files` WRITE;
/*!40000 ALTER TABLE `t_files` DISABLE KEYS */;
/*!40000 ALTER TABLE `t_files` ENABLE KEYS */;
UNLOCK TABLES;

--
-- Table structure for table `t_items`
--

DROP TABLE IF EXISTS `t_items`;
/*!40101 SET @saved_cs_client     = @@character_set_client */;
/*!50503 SET character_set_client = utf8mb4 */;
CREATE TABLE `t_items` (
  `id` int NOT NULL AUTO_INCREMENT,
  `fk_t_order_id` int DEFAULT NULL,
  `fk_t_createdBy` int DEFAULT NULL,
  `price` int DEFAULT NULL COMMENT '價格',
  `createdAt` datetime NOT NULL,
  `updatedAt` datetime NOT NULL,
  `deletedAt` datetime DEFAULT NULL,
  PRIMARY KEY (`id`),
  KEY `fk_t_order_id` (`fk_t_order_id`),
  KEY `fk_t_createdBy` (`fk_t_createdBy`),
  CONSTRAINT `t_items_ibfk_10` FOREIGN KEY (`fk_t_createdBy`) REFERENCES `t_users` (`id`) ON DELETE SET NULL ON UPDATE CASCADE,
  CONSTRAINT `t_items_ibfk_9` FOREIGN KEY (`fk_t_order_id`) REFERENCES `t_orders` (`id`) ON DELETE SET NULL ON UPDATE CASCADE
) ENGINE=InnoDB AUTO_INCREMENT=101 DEFAULT CHARSET=utf8mb4 COLLATE=utf8mb4_0900_ai_ci;
/*!40101 SET character_set_client = @saved_cs_client */;

--
-- Dumping data for table `t_items`
--

LOCK TABLES `t_items` WRITE;
/*!40000 ALTER TABLE `t_items` DISABLE KEYS */;
INSERT INTO `t_items` VALUES (1,70,NULL,432,'2024-01-06 03:32:08','2024-01-06 03:32:08',NULL),(2,55,NULL,115,'2024-01-06 03:32:08','2024-01-06 03:32:08',NULL),(3,95,NULL,145,'2024-01-06 03:32:08','2024-01-06 03:32:08',NULL),(4,1,NULL,748,'2024-01-06 03:32:08','2024-01-06 03:32:08',NULL),(5,97,NULL,324,'2024-01-06 03:32:08','2024-01-06 03:32:08',NULL),(6,80,NULL,110,'2024-01-06 03:32:08','2024-01-06 03:32:08',NULL),(7,98,NULL,636,'2024-01-06 03:32:08','2024-01-06 03:32:08',NULL),(8,11,NULL,428,'2024-01-06 03:32:08','2024-01-06 03:32:08',NULL),(9,1,NULL,397,'2024-01-06 03:32:08','2024-01-06 03:32:08',NULL),(10,73,NULL,886,'2024-01-06 03:32:08','2024-01-06 03:32:08',NULL),(11,98,NULL,807,'2024-01-06 03:32:08','2024-01-06 03:32:08',NULL),(12,8,NULL,172,'2024-01-06 03:32:08','2024-01-06 03:32:08',NULL),(13,98,NULL,625,'2024-01-06 03:32:08','2024-01-06 03:32:08',NULL),(14,2,NULL,533,'2024-01-06 03:32:08','2024-01-06 03:32:08',NULL),(15,91,NULL,501,'2024-01-06 03:32:08','2024-01-06 03:32:08',NULL),(16,11,NULL,780,'2024-01-06 03:32:08','2024-01-06 03:32:08',NULL),(17,27,NULL,400,'2024-01-06 03:32:08','2024-01-06 03:32:08',NULL),(18,31,NULL,854,'2024-01-06 03:32:08','2024-01-06 03:32:08',NULL),(19,100,NULL,859,'2024-01-06 03:32:08','2024-01-06 03:32:08',NULL),(20,13,NULL,476,'2024-01-06 03:32:08','2024-01-06 03:32:08',NULL),(21,69,NULL,568,'2024-01-06 03:32:08','2024-01-06 03:32:08',NULL),(22,43,NULL,509,'2024-01-06 03:32:08','2024-01-06 03:32:08',NULL),(23,49,NULL,126,'2024-01-06 03:32:08','2024-01-06 03:32:08',NULL),(24,1,NULL,675,'2024-01-06 03:32:08','2024-01-06 03:32:08',NULL),(25,97,NULL,996,'2024-01-06 03:32:08','2024-01-06 03:32:08',NULL),(26,3,NULL,764,'2024-01-06 03:32:08','2024-01-06 03:32:08',NULL),(27,54,NULL,365,'2024-01-06 03:32:08','2024-01-06 03:32:08',NULL),(28,66,NULL,545,'2024-01-06 03:32:08','2024-01-06 03:32:08',NULL),(29,65,NULL,639,'2024-01-06 03:32:08','2024-01-06 03:32:08',NULL),(30,99,NULL,833,'2024-01-06 03:32:08','2024-01-06 03:32:08',NULL),(31,36,NULL,176,'2024-01-06 03:32:08','2024-01-06 03:32:08',NULL),(32,19,NULL,142,'2024-01-06 03:32:08','2024-01-06 03:32:08',NULL),(33,15,NULL,937,'2024-01-06 03:32:08','2024-01-06 03:32:08',NULL),(34,63,NULL,130,'2024-01-06 03:32:08','2024-01-06 03:32:08',NULL),(35,64,NULL,835,'2024-01-06 03:32:08','2024-01-06 03:32:08',NULL),(36,81,NULL,959,'2024-01-06 03:32:08','2024-01-06 03:32:08',NULL),(37,29,NULL,985,'2024-01-06 03:32:08','2024-01-06 03:32:08',NULL),(38,76,NULL,425,'2024-01-06 03:32:08','2024-01-06 03:32:08',NULL),(39,72,NULL,987,'2024-01-06 03:32:08','2024-01-06 03:32:08',NULL),(40,67,NULL,519,'2024-01-06 03:32:08','2024-01-06 03:32:08',NULL),(41,94,NULL,887,'2024-01-06 03:32:08','2024-01-06 03:32:08',NULL),(42,72,NULL,314,'2024-01-06 03:32:08','2024-01-06 03:32:08',NULL),(43,32,NULL,365,'2024-01-06 03:32:08','2024-01-06 03:32:08',NULL),(44,9,NULL,272,'2024-01-06 03:32:08','2024-01-06 03:32:08',NULL),(45,75,NULL,290,'2024-01-06 03:32:08','2024-01-06 03:32:08',NULL),(46,57,NULL,883,'2024-01-06 03:32:08','2024-01-06 03:32:08',NULL),(47,51,NULL,501,'2024-01-06 03:32:08','2024-01-06 03:32:08',NULL),(48,43,NULL,588,'2024-01-06 03:32:08','2024-01-06 03:32:08',NULL),(49,98,NULL,651,'2024-01-06 03:32:08','2024-01-06 03:32:08',NULL),(50,37,NULL,858,'2024-01-06 03:32:08','2024-01-06 03:32:08',NULL),(51,24,NULL,332,'2024-01-06 03:32:08','2024-01-06 03:32:08',NULL),(52,42,NULL,984,'2024-01-06 03:32:08','2024-01-06 03:32:08',NULL),(53,70,NULL,547,'2024-01-06 03:32:08','2024-01-06 03:32:08',NULL),(54,74,NULL,898,'2024-01-06 03:32:08','2024-01-06 03:32:08',NULL),(55,37,NULL,196,'2024-01-06 03:32:08','2024-01-06 03:32:08',NULL),(56,58,NULL,242,'2024-01-06 03:32:08','2024-01-06 03:32:08',NULL),(57,60,NULL,535,'2024-01-06 03:32:08','2024-01-06 03:32:08',NULL),(58,68,NULL,813,'2024-01-06 03:32:08','2024-01-06 03:32:08',NULL),(59,12,NULL,402,'2024-01-06 03:32:08','2024-01-06 03:32:08',NULL),(60,98,NULL,968,'2024-01-06 03:32:08','2024-01-06 03:32:08',NULL),(61,36,NULL,175,'2024-01-06 03:32:08','2024-01-06 03:32:08',NULL),(62,56,NULL,270,'2024-01-06 03:32:08','2024-01-06 03:32:08',NULL),(63,11,NULL,492,'2024-01-06 03:32:08','2024-01-06 03:32:08',NULL),(64,94,NULL,138,'2024-01-06 03:32:08','2024-01-06 03:32:08',NULL),(65,34,NULL,876,'2024-01-06 03:32:08','2024-01-06 03:32:08',NULL),(66,16,NULL,902,'2024-01-06 03:32:08','2024-01-06 03:32:08',NULL),(67,20,NULL,956,'2024-01-06 03:32:08','2024-01-06 03:32:08',NULL),(68,49,NULL,672,'2024-01-06 03:32:08','2024-01-06 03:32:08',NULL),(69,37,NULL,644,'2024-01-06 03:32:08','2024-01-06 03:32:08',NULL),(70,18,NULL,768,'2024-01-06 03:32:08','2024-01-06 03:32:08',NULL),(71,80,NULL,643,'2024-01-06 03:32:08','2024-01-06 03:32:08',NULL),(72,81,NULL,339,'2024-01-06 03:32:08','2024-01-06 03:32:08',NULL),(73,81,NULL,621,'2024-01-06 03:32:08','2024-01-06 03:32:08',NULL),(74,29,NULL,712,'2024-01-06 03:32:08','2024-01-06 03:32:08',NULL),(75,85,NULL,234,'2024-01-06 03:32:08','2024-01-06 03:32:08',NULL),(76,27,NULL,105,'2024-01-06 03:32:08','2024-01-06 03:32:08',NULL),(77,37,NULL,169,'2024-01-06 03:32:08','2024-01-06 03:32:08',NULL),(78,65,NULL,511,'2024-01-06 03:32:08','2024-01-06 03:32:08',NULL),(79,95,NULL,314,'2024-01-06 03:32:08','2024-01-06 03:32:08',NULL),(80,84,NULL,395,'2024-01-06 03:32:08','2024-01-06 03:32:08',NULL),(81,90,NULL,920,'2024-01-06 03:32:08','2024-01-06 03:32:08',NULL),(82,12,NULL,812,'2024-01-06 03:32:08','2024-01-06 03:32:08',NULL),(83,7,NULL,458,'2024-01-06 03:32:08','2024-01-06 03:32:08',NULL),(84,79,NULL,768,'2024-01-06 03:32:08','2024-01-06 03:32:08',NULL),(85,81,NULL,940,'2024-01-06 03:32:08','2024-01-06 03:32:08',NULL),(86,2,NULL,639,'2024-01-06 03:32:08','2024-01-06 03:32:08',NULL),(87,70,NULL,472,'2024-01-06 03:32:08','2024-01-06 03:32:08',NULL),(88,84,NULL,945,'2024-01-06 03:32:08','2024-01-06 03:32:08',NULL),(89,91,NULL,806,'2024-01-06 03:32:08','2024-01-06 03:32:08',NULL),(90,79,NULL,927,'2024-01-06 03:32:08','2024-01-06 03:32:08',NULL),(91,5,NULL,153,'2024-01-06 03:32:08','2024-01-06 03:32:08',NULL),(92,45,NULL,650,'2024-01-06 03:32:08','2024-01-06 03:32:08',NULL),(93,50,NULL,828,'2024-01-06 03:32:08','2024-01-06 03:32:08',NULL),(94,74,NULL,844,'2024-01-06 03:32:08','2024-01-06 03:32:08',NULL),(95,13,NULL,171,'2024-01-06 03:32:08','2024-01-06 03:32:08',NULL),(96,15,NULL,687,'2024-01-06 03:32:08','2024-01-06 03:32:08',NULL),(97,33,NULL,875,'2024-01-06 03:32:08','2024-01-06 03:32:08',NULL),(98,93,NULL,750,'2024-01-06 03:32:08','2024-01-06 03:32:08',NULL),(99,100,NULL,197,'2024-01-06 03:32:08','2024-01-06 03:32:08',NULL),(100,95,NULL,481,'2024-01-06 03:32:08','2024-01-06 03:32:08',NULL);
/*!40000 ALTER TABLE `t_items` ENABLE KEYS */;
UNLOCK TABLES;

--
-- Table structure for table `t_orders`
--

DROP TABLE IF EXISTS `t_orders`;
/*!40101 SET @saved_cs_client     = @@character_set_client */;
/*!50503 SET character_set_client = utf8mb4 */;
CREATE TABLE `t_orders` (
  `id` int NOT NULL AUTO_INCREMENT,
  `channel` int DEFAULT '0' COMMENT '售卖渠道',
  `orderid` varchar(255) NOT NULL COMMENT '订单编号',
  `total` int DEFAULT '0' COMMENT '总金额',
  `status` int DEFAULT '0' COMMENT '订单状态',
  `payType` int DEFAULT NULL COMMENT '支付类型',
  `payStatus` int DEFAULT '0' COMMENT '支付状态',
  `paidAt` datetime DEFAULT NULL COMMENT '支付时间',
  `deliveredAt` datetime DEFAULT NULL COMMENT '发货时间',
  `shipping` json DEFAULT NULL COMMENT '收货地址',
  `shippingFee` int DEFAULT '0' COMMENT '快递费',
  `shippingMethod` int DEFAULT '0' COMMENT '取货方式',
  `comment` varchar(255) DEFAULT NULL COMMENT '订单备注',
  `fk_t_createdBy` int DEFAULT NULL,
  `fk_t_address` int DEFAULT NULL,
  `createdAt` datetime NOT NULL,
  `updatedAt` datetime NOT NULL,
  `deletedAt` datetime DEFAULT NULL,
  PRIMARY KEY (`id`),
  KEY `fk_t_createdBy` (`fk_t_createdBy`),
  KEY `fk_t_address` (`fk_t_address`),
  CONSTRAINT `t_orders_ibfk_10` FOREIGN KEY (`fk_t_address`) REFERENCES `t_address` (`id`) ON DELETE SET NULL ON UPDATE CASCADE,
  CONSTRAINT `t_orders_ibfk_9` FOREIGN KEY (`fk_t_createdBy`) REFERENCES `t_users` (`id`) ON DELETE SET NULL ON UPDATE CASCADE
) ENGINE=InnoDB AUTO_INCREMENT=101 DEFAULT CHARSET=utf8mb4 COLLATE=utf8mb4_0900_ai_ci;
/*!40101 SET character_set_client = @saved_cs_client */;

--
-- Dumping data for table `t_orders`
--

LOCK TABLES `t_orders` WRITE;
/*!40000 ALTER TABLE `t_orders` DISABLE KEYS */;
INSERT INTO `t_orders` VALUES (1,0,'Yzj5SV5UDt',2842,0,NULL,0,NULL,NULL,NULL,0,0,NULL,44,NULL,'2024-01-06 03:32:08','2024-01-06 03:32:08',NULL),(2,0,'PKxQDn8F9h',4746,0,NULL,0,NULL,NULL,NULL,0,0,NULL,29,NULL,'2024-01-06 03:32:08','2024-01-06 03:32:08',NULL),(3,0,'T6keloC0hy',2384,0,NULL,0,NULL,NULL,NULL,0,0,NULL,16,NULL,'2024-01-06 03:32:08','2024-01-06 03:32:08',NULL),(4,0,'cMVCmgXW9s',3325,0,NULL,0,NULL,NULL,NULL,0,0,NULL,50,NULL,'2024-01-06 03:32:08','2024-01-06 03:32:08',NULL),(5,0,'0GXSG7wMxn',825,0,NULL,0,NULL,NULL,NULL,0,0,NULL,38,NULL,'2024-01-06 03:32:08','2024-01-06 03:32:08',NULL),(6,0,'iJoAI0fOXZ',122,0,NULL,0,NULL,NULL,NULL,0,0,NULL,86,NULL,'2024-01-06 03:32:08','2024-01-06 03:32:08',NULL),(7,0,'5Xwqj87LE1',2180,0,NULL,0,NULL,NULL,NULL,0,0,NULL,39,NULL,'2024-01-06 03:32:08','2024-01-06 03:32:08',NULL),(8,0,'NrQIY4B8U4',3460,0,NULL,0,NULL,NULL,NULL,0,0,NULL,98,NULL,'2024-01-06 03:32:08','2024-01-06 03:32:08',NULL),(9,0,'s3nFhpGpUT',441,0,NULL,0,NULL,NULL,NULL,0,0,NULL,36,NULL,'2024-01-06 03:32:08','2024-01-06 03:32:08',NULL),(10,0,'2AjnU7rkSC',1650,0,NULL,0,NULL,NULL,NULL,0,0,NULL,70,NULL,'2024-01-06 03:32:08','2024-01-06 03:32:08',NULL),(11,0,'cRoO1hXPCT',2802,0,NULL,0,NULL,NULL,NULL,0,0,NULL,35,NULL,'2024-01-06 03:32:08','2024-01-06 03:32:08',NULL),(12,0,'QIwUnJd5so',3513,0,NULL,0,NULL,NULL,NULL,0,0,NULL,80,NULL,'2024-01-06 03:32:08','2024-01-06 03:32:08',NULL),(13,0,'ebcl3COiaJ',2574,0,NULL,0,NULL,NULL,NULL,0,0,NULL,15,NULL,'2024-01-06 03:32:08','2024-01-06 03:32:08',NULL),(14,0,'mDyCICGKvN',244,0,NULL,0,NULL,NULL,NULL,0,0,NULL,94,NULL,'2024-01-06 03:32:08','2024-01-06 03:32:08',NULL),(15,0,'lVNjllZJ1l',3535,0,NULL,0,NULL,NULL,NULL,0,0,NULL,24,NULL,'2024-01-06 03:32:08','2024-01-06 03:32:08',NULL),(16,0,'eEUEjVp9GE',2983,0,NULL,0,NULL,NULL,NULL,0,0,NULL,72,NULL,'2024-01-06 03:32:08','2024-01-06 03:32:08',NULL),(17,0,'OLKBCKGaSe',1671,0,NULL,0,NULL,NULL,NULL,0,0,NULL,85,NULL,'2024-01-06 03:32:08','2024-01-06 03:32:08',NULL),(18,0,'1U9x9N2jeW',1872,0,NULL,0,NULL,NULL,NULL,0,0,NULL,20,NULL,'2024-01-06 03:32:08','2024-01-06 03:32:08',NULL),(19,0,'z7X4zu5hL2',4966,0,NULL,0,NULL,NULL,NULL,0,0,NULL,46,NULL,'2024-01-06 03:32:08','2024-01-06 03:32:08',NULL),(20,0,'jvgt00G6vx',2828,0,NULL,0,NULL,NULL,NULL,0,0,NULL,94,NULL,'2024-01-06 03:32:08','2024-01-06 03:32:08',NULL),(21,0,'nnBnbyeR73',1061,0,NULL,0,NULL,NULL,NULL,0,0,NULL,73,NULL,'2024-01-06 03:32:08','2024-01-06 03:32:08',NULL),(22,0,'fVxglfoSqE',4669,0,NULL,0,NULL,NULL,NULL,0,0,NULL,42,NULL,'2024-01-06 03:32:08','2024-01-06 03:32:08',NULL),(23,0,'2mqRkuZpEy',3965,0,NULL,0,NULL,NULL,NULL,0,0,NULL,84,NULL,'2024-01-06 03:32:08','2024-01-06 03:32:08',NULL),(24,0,'3lIRMtoj9n',1860,0,NULL,0,NULL,NULL,NULL,0,0,NULL,98,NULL,'2024-01-06 03:32:08','2024-01-06 03:32:08',NULL),(25,0,'B5rhkeTC7x',754,0,NULL,0,NULL,NULL,NULL,0,0,NULL,94,NULL,'2024-01-06 03:32:08','2024-01-06 03:32:08',NULL),(26,0,'B1RuxfE7AB',3528,0,NULL,0,NULL,NULL,NULL,0,0,NULL,55,NULL,'2024-01-06 03:32:08','2024-01-06 03:32:08',NULL),(27,0,'7LzizJs7nj',895,0,NULL,0,NULL,NULL,NULL,0,0,NULL,60,NULL,'2024-01-06 03:32:08','2024-01-06 03:32:08',NULL),(28,0,'UXqLUQYhlH',2127,0,NULL,0,NULL,NULL,NULL,0,0,NULL,41,NULL,'2024-01-06 03:32:08','2024-01-06 03:32:08',NULL),(29,0,'LLA8c6W99u',1977,0,NULL,0,NULL,NULL,NULL,0,0,NULL,91,NULL,'2024-01-06 03:32:08','2024-01-06 03:32:08',NULL),(30,0,'X4Hm8BSqwF',2558,0,NULL,0,NULL,NULL,NULL,0,0,NULL,54,NULL,'2024-01-06 03:32:08','2024-01-06 03:32:08',NULL),(31,0,'PC664yyS1y',3501,0,NULL,0,NULL,NULL,NULL,0,0,NULL,1,NULL,'2024-01-06 03:32:08','2024-01-06 03:32:08',NULL),(32,0,'rBLp8UqcgB',2026,0,NULL,0,NULL,NULL,NULL,0,0,NULL,95,NULL,'2024-01-06 03:32:08','2024-01-06 03:32:08',NULL),(33,0,'sk1I9DrI4b',4124,0,NULL,0,NULL,NULL,NULL,0,0,NULL,33,NULL,'2024-01-06 03:32:08','2024-01-06 03:32:08',NULL),(34,0,'GcsFUTAMLc',238,0,NULL,0,NULL,NULL,NULL,0,0,NULL,42,NULL,'2024-01-06 03:32:08','2024-01-06 03:32:08',NULL),(35,0,'Ka0l5Fv3B2',404,0,NULL,0,NULL,NULL,NULL,0,0,NULL,98,NULL,'2024-01-06 03:32:08','2024-01-06 03:32:08',NULL),(36,0,'HO4jzafFQU',4605,0,NULL,0,NULL,NULL,NULL,0,0,NULL,21,NULL,'2024-01-06 03:32:08','2024-01-06 03:32:08',NULL),(37,0,'DaiGYjAbib',2465,0,NULL,0,NULL,NULL,NULL,0,0,NULL,9,NULL,'2024-01-06 03:32:08','2024-01-06 03:32:08',NULL),(38,0,'IJoYKL7hX9',191,0,NULL,0,NULL,NULL,NULL,0,0,NULL,73,NULL,'2024-01-06 03:32:08','2024-01-06 03:32:08',NULL),(39,0,'frdaS4dIKJ',2890,0,NULL,0,NULL,NULL,NULL,0,0,NULL,4,NULL,'2024-01-06 03:32:08','2024-01-06 03:32:08',NULL),(40,0,'tNVjnnUXoQ',456,0,NULL,0,NULL,NULL,NULL,0,0,NULL,94,NULL,'2024-01-06 03:32:08','2024-01-06 03:32:08',NULL),(41,0,'s7xoIQ9ecb',3939,0,NULL,0,NULL,NULL,NULL,0,0,NULL,87,NULL,'2024-01-06 03:32:08','2024-01-06 03:32:08',NULL),(42,0,'NdC72wXHd0',1179,0,NULL,0,NULL,NULL,NULL,0,0,NULL,25,NULL,'2024-01-06 03:32:08','2024-01-06 03:32:08',NULL),(43,0,'DLNm5gtQB0',4790,0,NULL,0,NULL,NULL,NULL,0,0,NULL,65,NULL,'2024-01-06 03:32:08','2024-01-06 03:32:08',NULL),(44,0,'RWDqKSkiTR',1770,0,NULL,0,NULL,NULL,NULL,0,0,NULL,39,NULL,'2024-01-06 03:32:08','2024-01-06 03:32:08',NULL),(45,0,'cBW5EkbyuJ',3511,0,NULL,0,NULL,NULL,NULL,0,0,NULL,93,NULL,'2024-01-06 03:32:08','2024-01-06 03:32:08',NULL),(46,0,'ILAerSm0FL',893,0,NULL,0,NULL,NULL,NULL,0,0,NULL,44,NULL,'2024-01-06 03:32:08','2024-01-06 03:32:08',NULL),(47,0,'b0CcxlqDa3',1168,0,NULL,0,NULL,NULL,NULL,0,0,NULL,48,NULL,'2024-01-06 03:32:08','2024-01-06 03:32:08',NULL),(48,0,'mS5DJEmwIN',4816,0,NULL,0,NULL,NULL,NULL,0,0,NULL,55,NULL,'2024-01-06 03:32:08','2024-01-06 03:32:08',NULL),(49,0,'6iVXJ8swDu',4295,0,NULL,0,NULL,NULL,NULL,0,0,NULL,3,NULL,'2024-01-06 03:32:08','2024-01-06 03:32:08',NULL),(50,0,'6fvSL9UWyC',842,0,NULL,0,NULL,NULL,NULL,0,0,NULL,5,NULL,'2024-01-06 03:32:08','2024-01-06 03:32:08',NULL),(51,0,'4YWKVEEcxI',3234,0,NULL,0,NULL,NULL,NULL,0,0,NULL,100,NULL,'2024-01-06 03:32:08','2024-01-06 03:32:08',NULL),(52,0,'uwkJc8nSoe',3544,0,NULL,0,NULL,NULL,NULL,0,0,NULL,11,NULL,'2024-01-06 03:32:08','2024-01-06 03:32:08',NULL),(53,0,'qbUdwFmCUp',4068,0,NULL,0,NULL,NULL,NULL,0,0,NULL,42,NULL,'2024-01-06 03:32:08','2024-01-06 03:32:08',NULL),(54,0,'kPVp1Bled9',295,0,NULL,0,NULL,NULL,NULL,0,0,NULL,25,NULL,'2024-01-06 03:32:08','2024-01-06 03:32:08',NULL),(55,0,'lKb7xEQFIs',4562,0,NULL,0,NULL,NULL,NULL,0,0,NULL,55,NULL,'2024-01-06 03:32:08','2024-01-06 03:32:08',NULL),(56,0,'NjuOB499Da',435,0,NULL,0,NULL,NULL,NULL,0,0,NULL,75,NULL,'2024-01-06 03:32:08','2024-01-06 03:32:08',NULL),(57,0,'BzOiX10dLA',217,0,NULL,0,NULL,NULL,NULL,0,0,NULL,38,NULL,'2024-01-06 03:32:08','2024-01-06 03:32:08',NULL),(58,0,'s7hOyPHPlj',2869,0,NULL,0,NULL,NULL,NULL,0,0,NULL,56,NULL,'2024-01-06 03:32:08','2024-01-06 03:32:08',NULL),(59,0,'NP5kvLZaM5',3376,0,NULL,0,NULL,NULL,NULL,0,0,NULL,54,NULL,'2024-01-06 03:32:08','2024-01-06 03:32:08',NULL),(60,0,'W1KL7RrdtZ',2013,0,NULL,0,NULL,NULL,NULL,0,0,NULL,71,NULL,'2024-01-06 03:32:08','2024-01-06 03:32:08',NULL),(61,0,'HbRsrRp7NH',3654,0,NULL,0,NULL,NULL,NULL,0,0,NULL,51,NULL,'2024-01-06 03:32:08','2024-01-06 03:32:08',NULL),(62,0,'Rku2x02YF6',1629,0,NULL,0,NULL,NULL,NULL,0,0,NULL,88,NULL,'2024-01-06 03:32:08','2024-01-06 03:32:08',NULL),(63,0,'gv5nRjcEWp',3989,0,NULL,0,NULL,NULL,NULL,0,0,NULL,94,NULL,'2024-01-06 03:32:08','2024-01-06 03:32:08',NULL),(64,0,'rMNSb8oC4l',2934,0,NULL,0,NULL,NULL,NULL,0,0,NULL,83,NULL,'2024-01-06 03:32:08','2024-01-06 03:32:08',NULL),(65,0,'1Nh6xoRLPt',648,0,NULL,0,NULL,NULL,NULL,0,0,NULL,68,NULL,'2024-01-06 03:32:08','2024-01-06 03:32:08',NULL),(66,0,'UF78E9DCau',2813,0,NULL,0,NULL,NULL,NULL,0,0,NULL,76,NULL,'2024-01-06 03:32:08','2024-01-06 03:32:08',NULL),(67,0,'rm9mGXZFpc',2726,0,NULL,0,NULL,NULL,NULL,0,0,NULL,43,NULL,'2024-01-06 03:32:08','2024-01-06 03:32:08',NULL),(68,0,'SSTNcsc64k',1786,0,NULL,0,NULL,NULL,NULL,0,0,NULL,2,NULL,'2024-01-06 03:32:08','2024-01-06 03:32:08',NULL),(69,0,'oGnvMYAYqY',1179,0,NULL,0,NULL,NULL,NULL,0,0,NULL,27,NULL,'2024-01-06 03:32:08','2024-01-06 03:32:08',NULL),(70,0,'bQ0eaiuWCD',3289,0,NULL,0,NULL,NULL,NULL,0,0,NULL,59,NULL,'2024-01-06 03:32:08','2024-01-06 03:32:08',NULL),(71,0,'H0Plj4pQow',3628,0,NULL,0,NULL,NULL,NULL,0,0,NULL,60,NULL,'2024-01-06 03:32:08','2024-01-06 03:32:08',NULL),(72,0,'OJI2d9MoVx',698,0,NULL,0,NULL,NULL,NULL,0,0,NULL,3,NULL,'2024-01-06 03:32:08','2024-01-06 03:32:08',NULL),(73,0,'ZqCGQC46Qg',2091,0,NULL,0,NULL,NULL,NULL,0,0,NULL,9,NULL,'2024-01-06 03:32:08','2024-01-06 03:32:08',NULL),(74,0,'W7H9TUvAOC',4861,0,NULL,0,NULL,NULL,NULL,0,0,NULL,37,NULL,'2024-01-06 03:32:08','2024-01-06 03:32:08',NULL),(75,0,'aZA3kq06tD',1047,0,NULL,0,NULL,NULL,NULL,0,0,NULL,61,NULL,'2024-01-06 03:32:08','2024-01-06 03:32:08',NULL),(76,0,'wXDd00ueRC',2065,0,NULL,0,NULL,NULL,NULL,0,0,NULL,9,NULL,'2024-01-06 03:32:08','2024-01-06 03:32:08',NULL),(77,0,'xLe7m8FGFQ',1086,0,NULL,0,NULL,NULL,NULL,0,0,NULL,8,NULL,'2024-01-06 03:32:08','2024-01-06 03:32:08',NULL),(78,0,'9fNU6CZ8zU',248,0,NULL,0,NULL,NULL,NULL,0,0,NULL,88,NULL,'2024-01-06 03:32:08','2024-01-06 03:32:08',NULL),(79,0,'93GrRZ5jZp',156,0,NULL,0,NULL,NULL,NULL,0,0,NULL,95,NULL,'2024-01-06 03:32:08','2024-01-06 03:32:08',NULL),(80,0,'4QdvVyd4F3',3078,0,NULL,0,NULL,NULL,NULL,0,0,NULL,57,NULL,'2024-01-06 03:32:08','2024-01-06 03:32:08',NULL),(81,0,'5UtSCaWMYF',4471,0,NULL,0,NULL,NULL,NULL,0,0,NULL,5,NULL,'2024-01-06 03:32:08','2024-01-06 03:32:08',NULL),(82,0,'JneUBOes4X',3725,0,NULL,0,NULL,NULL,NULL,0,0,NULL,41,NULL,'2024-01-06 03:32:08','2024-01-06 03:32:08',NULL),(83,0,'xDuM3gi7lk',3014,0,NULL,0,NULL,NULL,NULL,0,0,NULL,12,NULL,'2024-01-06 03:32:08','2024-01-06 03:32:08',NULL),(84,0,'AQpSUxmtlP',1370,0,NULL,0,NULL,NULL,NULL,0,0,NULL,51,NULL,'2024-01-06 03:32:08','2024-01-06 03:32:08',NULL),(85,0,'7iWgpc6kX1',2318,0,NULL,0,NULL,NULL,NULL,0,0,NULL,39,NULL,'2024-01-06 03:32:08','2024-01-06 03:32:08',NULL),(86,0,'oMNmqpOife',3245,0,NULL,0,NULL,NULL,NULL,0,0,NULL,57,NULL,'2024-01-06 03:32:08','2024-01-06 03:32:08',NULL),(87,0,'NRYxohKaHT',2214,0,NULL,0,NULL,NULL,NULL,0,0,NULL,43,NULL,'2024-01-06 03:32:08','2024-01-06 03:32:08',NULL),(88,0,'Sn4xVx2sPG',2645,0,NULL,0,NULL,NULL,NULL,0,0,NULL,59,NULL,'2024-01-06 03:32:08','2024-01-06 03:32:08',NULL),(89,0,'urDXxiG8Ef',1680,0,NULL,0,NULL,NULL,NULL,0,0,NULL,99,NULL,'2024-01-06 03:32:08','2024-01-06 03:32:08',NULL),(90,0,'yJRELsruoy',3734,0,NULL,0,NULL,NULL,NULL,0,0,NULL,22,NULL,'2024-01-06 03:32:08','2024-01-06 03:32:08',NULL),(91,0,'NBFUx5J84j',3603,0,NULL,0,NULL,NULL,NULL,0,0,NULL,61,NULL,'2024-01-06 03:32:08','2024-01-06 03:32:08',NULL),(92,0,'t2xd6tu0I2',1160,0,NULL,0,NULL,NULL,NULL,0,0,NULL,89,NULL,'2024-01-06 03:32:08','2024-01-06 03:32:08',NULL),(93,0,'V7reF9Q5E1',4354,0,NULL,0,NULL,NULL,NULL,0,0,NULL,78,NULL,'2024-01-06 03:32:08','2024-01-06 03:32:08',NULL),(94,0,'3iTKZjKcup',2609,0,NULL,0,NULL,NULL,NULL,0,0,NULL,48,NULL,'2024-01-06 03:32:08','2024-01-06 03:32:08',NULL),(95,0,'GWIqvapiRF',4490,0,NULL,0,NULL,NULL,NULL,0,0,NULL,13,NULL,'2024-01-06 03:32:08','2024-01-06 03:32:08',NULL),(96,0,'KDudet4jk9',3070,0,NULL,0,NULL,NULL,NULL,0,0,NULL,89,NULL,'2024-01-06 03:32:08','2024-01-06 03:32:08',NULL),(97,0,'DFEYHG8jGV',2759,0,NULL,0,NULL,NULL,NULL,0,0,NULL,4,NULL,'2024-01-06 03:32:08','2024-01-06 03:32:08',NULL),(98,0,'ow0rJgSLv7',4705,0,NULL,0,NULL,NULL,NULL,0,0,NULL,88,NULL,'2024-01-06 03:32:08','2024-01-06 03:32:08',NULL),(99,0,'cYEwhl8EDv',620,0,NULL,0,NULL,NULL,NULL,0,0,NULL,79,NULL,'2024-01-06 03:32:08','2024-01-06 03:32:08',NULL),(100,0,'guNGhX9cUJ',4103,0,NULL,0,NULL,NULL,NULL,0,0,NULL,3,NULL,'2024-01-06 03:32:08','2024-01-06 03:32:08',NULL);
/*!40000 ALTER TABLE `t_orders` ENABLE KEYS */;
UNLOCK TABLES;

--
-- Table structure for table `t_transactions`
--

DROP TABLE IF EXISTS `t_transactions`;
/*!40101 SET @saved_cs_client     = @@character_set_client */;
/*!50503 SET character_set_client = utf8mb4 */;
CREATE TABLE `t_transactions` (
  `id` int NOT NULL AUTO_INCREMENT,
  `number` varchar(255) DEFAULT NULL COMMENT '交易流水號',
  `order` varchar(255) DEFAULT NULL COMMENT '訂單號',
  `subject` varchar(255) DEFAULT NULL COMMENT '商品標題',
  `amount` int DEFAULT NULL COMMENT '金額(貨幣最小單位)',
  `type` varchar(255) DEFAULT NULL COMMENT '支付類型',
  `status` int DEFAULT '0' COMMENT '交易狀態',
  `payment` json DEFAULT NULL COMMENT '交易訊息',
  `createdAt` datetime NOT NULL,
  `updatedAt` datetime NOT NULL,
  `deletedAt` datetime DEFAULT NULL,
  PRIMARY KEY (`id`)
) ENGINE=InnoDB DEFAULT CHARSET=utf8mb4 COLLATE=utf8mb4_0900_ai_ci;
/*!40101 SET character_set_client = @saved_cs_client */;

--
-- Dumping data for table `t_transactions`
--

LOCK TABLES `t_transactions` WRITE;
/*!40000 ALTER TABLE `t_transactions` DISABLE KEYS */;
/*!40000 ALTER TABLE `t_transactions` ENABLE KEYS */;
UNLOCK TABLES;

--
-- Table structure for table `t_users`
--

DROP TABLE IF EXISTS `t_users`;
/*!40101 SET @saved_cs_client     = @@character_set_client */;
/*!50503 SET character_set_client = utf8mb4 */;
CREATE TABLE `t_users` (
  `id` int NOT NULL AUTO_INCREMENT,
  `username` varchar(255) DEFAULT NULL COMMENT '姓名',
  `password` varchar(255) DEFAULT NULL COMMENT '密碼',
  `nickname` varchar(255) DEFAULT NULL COMMENT '昵称',
  `name` varchar(255) DEFAULT NULL COMMENT '真實姓名',
  `birthday` datetime DEFAULT NULL COMMENT '生日',
  `email` varchar(255) DEFAULT NULL COMMENT '郵件',
  `phonenum` varchar(255) DEFAULT NULL COMMENT '手機號碼',
  `sex` int DEFAULT NULL COMMENT '性别',
  `title` varchar(255) DEFAULT NULL COMMENT '職稱',
  `position` varchar(255) DEFAULT NULL COMMENT '職務',
  `province` int DEFAULT NULL COMMENT '所在省份',
  `city` int DEFAULT NULL COMMENT '所在城市',
  `district` int DEFAULT NULL COMMENT '所在縣區',
  `street` varchar(255) DEFAULT NULL COMMENT '地址',
  `role` int DEFAULT '1' COMMENT '角色',
  `fk_t_referee` int DEFAULT NULL,
  `fk_t_avatar` int DEFAULT NULL,
  `createdAt` datetime NOT NULL,
  `updatedAt` datetime NOT NULL,
  `deletedAt` datetime DEFAULT NULL,
  PRIMARY KEY (`id`),
  UNIQUE KEY `email` (`email`),
  KEY `fk_t_referee` (`fk_t_referee`),
  KEY `fk_t_avatar` (`fk_t_avatar`),
  CONSTRAINT `t_users_ibfk_7` FOREIGN KEY (`fk_t_referee`) REFERENCES `t_users` (`id`) ON DELETE SET NULL ON UPDATE CASCADE,
  CONSTRAINT `t_users_ibfk_8` FOREIGN KEY (`fk_t_avatar`) REFERENCES `t_files` (`id`) ON DELETE SET NULL ON UPDATE CASCADE
) ENGINE=InnoDB AUTO_INCREMENT=101 DEFAULT CHARSET=utf8mb4 COLLATE=utf8mb4_0900_ai_ci;
/*!40101 SET character_set_client = @saved_cs_client */;

--
-- Dumping data for table `t_users`
--

LOCK TABLES `t_users` WRITE;
/*!40000 ALTER TABLE `t_users` DISABLE KEYS */;
INSERT INTO `t_users` VALUES (1,NULL,NULL,NULL,'Amber.Jacobs',NULL,'Saige52@gmail.com','581-461-0531 x13860',NULL,NULL,'engineer',NULL,NULL,NULL,NULL,1,NULL,NULL,'2024-01-06 03:32:08','2024-01-06 03:32:08',NULL),(2,NULL,NULL,NULL,'Priscilla97',NULL,'Ottilie60@hotmail.com','287-526-4704 x2745',NULL,NULL,'maneger',NULL,NULL,NULL,NULL,1,NULL,NULL,'2024-01-06 03:32:08','2024-01-06 03:32:08',NULL),(3,NULL,NULL,NULL,'Imani.Mann',NULL,'Dorthy.Klocko61@gmail.com','(787) 641-4185 x151',NULL,NULL,'maneger',NULL,NULL,NULL,NULL,1,NULL,NULL,'2024-01-06 03:32:08','2024-01-06 03:32:08',NULL),(4,NULL,NULL,NULL,'Polly_Corwin92',NULL,'Mark.Zulauf53@gmail.com','865-239-6143 x257',NULL,NULL,'maneger',NULL,NULL,NULL,NULL,1,NULL,NULL,'2024-01-06 03:32:08','2024-01-06 03:32:08',NULL),(5,NULL,NULL,NULL,'Kirstin_Hills',NULL,'Kiara_Walter@hotmail.com','952-743-6527 x07281',NULL,NULL,'maneger',NULL,NULL,NULL,NULL,1,NULL,NULL,'2024-01-06 03:32:08','2024-01-06 03:32:08',NULL),(6,NULL,NULL,NULL,'Levi_Fadel',NULL,'Sven_Vandervort@hotmail.com','879-877-6631 x7320',NULL,NULL,'maneger',NULL,NULL,NULL,NULL,1,NULL,NULL,'2024-01-06 03:32:08','2024-01-06 03:32:08',NULL),(7,NULL,NULL,NULL,'Marquis.McKenzie47',NULL,'Eleazar36@hotmail.com','(851) 406-2982 x95124',NULL,NULL,'engineer',NULL,NULL,NULL,NULL,1,NULL,NULL,'2024-01-06 03:32:08','2024-01-06 03:32:08',NULL),(8,NULL,NULL,NULL,'Macie38',NULL,'Harrison_Greenholt30@yahoo.com','1-649-244-7566',NULL,NULL,'engineer',NULL,NULL,NULL,NULL,1,NULL,NULL,'2024-01-06 03:32:08','2024-01-06 03:32:08',NULL),(9,NULL,NULL,NULL,'Marlen.Torphy8',NULL,'Bernie.Corkery@gmail.com','684-899-2118 x652',NULL,NULL,'engineer',NULL,NULL,NULL,NULL,1,NULL,NULL,'2024-01-06 03:32:08','2024-01-06 03:32:08',NULL),(10,NULL,NULL,NULL,'Stan_Purdy',NULL,'Rhiannon.Rutherford38@yahoo.com','1-203-221-9101 x087',NULL,NULL,'maneger',NULL,NULL,NULL,NULL,1,NULL,NULL,'2024-01-06 03:32:08','2024-01-06 03:32:08',NULL),(11,NULL,NULL,NULL,'Camila.Gibson',NULL,'Okey_Ferry@gmail.com','749-418-3598 x7898',NULL,NULL,'engineer',NULL,NULL,NULL,NULL,1,NULL,NULL,'2024-01-06 03:32:08','2024-01-06 03:32:08',NULL),(12,NULL,NULL,NULL,'Sidney.Rolfson58',NULL,'Chasity87@hotmail.com','680-619-5460 x11279',NULL,NULL,'engineer',NULL,NULL,NULL,NULL,1,NULL,NULL,'2024-01-06 03:32:08','2024-01-06 03:32:08',NULL),(13,NULL,NULL,NULL,'Kenna14',NULL,'Reginald.Olson71@gmail.com','959.921.9318',NULL,NULL,'engineer',NULL,NULL,NULL,NULL,1,NULL,NULL,'2024-01-06 03:32:08','2024-01-06 03:32:08',NULL),(14,NULL,NULL,NULL,'Carey_Flatley79',NULL,'Danial81@hotmail.com','(313) 309-7001 x946',NULL,NULL,'maneger',NULL,NULL,NULL,NULL,1,NULL,NULL,'2024-01-06 03:32:08','2024-01-06 03:32:08',NULL),(15,NULL,NULL,NULL,'Allen.Rogahn88',NULL,'Kaelyn35@hotmail.com','(249) 961-2710 x878',NULL,NULL,'maneger',NULL,NULL,NULL,NULL,1,NULL,NULL,'2024-01-06 03:32:08','2024-01-06 03:32:08',NULL),(16,NULL,NULL,NULL,'Dante.Bahringer-Wehner65',NULL,'Dewayne_Schmitt0@gmail.com','(779) 267-0106 x17873',NULL,NULL,'maneger',NULL,NULL,NULL,NULL,1,NULL,NULL,'2024-01-06 03:32:08','2024-01-06 03:32:08',NULL),(17,NULL,NULL,NULL,'Arely.Witting6',NULL,'Concepcion8@yahoo.com','218-275-6440 x787',NULL,NULL,'engineer',NULL,NULL,NULL,NULL,1,NULL,NULL,'2024-01-06 03:32:08','2024-01-06 03:32:08',NULL),(18,NULL,NULL,NULL,'Alex.Ryan',NULL,'Moses70@hotmail.com','677.328.7587 x401',NULL,NULL,'engineer',NULL,NULL,NULL,NULL,1,NULL,NULL,'2024-01-06 03:32:08','2024-01-06 03:32:08',NULL),(19,NULL,NULL,NULL,'Vivienne.VonRueden',NULL,'Theron_Yundt@hotmail.com','513-329-3088 x086',NULL,NULL,'engineer',NULL,NULL,NULL,NULL,1,NULL,NULL,'2024-01-06 03:32:08','2024-01-06 03:32:08',NULL),(20,NULL,NULL,NULL,'David32',NULL,'Brice_Herman@hotmail.com','1-714-763-2346 x877',NULL,NULL,'engineer',NULL,NULL,NULL,NULL,1,NULL,NULL,'2024-01-06 03:32:08','2024-01-06 03:32:08',NULL),(21,NULL,NULL,NULL,'Van.Johnston17',NULL,'Sydnee.Yundt22@gmail.com','1-620-560-3224',NULL,NULL,'engineer',NULL,NULL,NULL,NULL,1,NULL,NULL,'2024-01-06 03:32:08','2024-01-06 03:32:08',NULL),(22,NULL,NULL,NULL,'Marques_Hand-Kohler',NULL,'Arvel.DuBuque@yahoo.com','(712) 834-2052 x8321',NULL,NULL,'engineer',NULL,NULL,NULL,NULL,1,NULL,NULL,'2024-01-06 03:32:08','2024-01-06 03:32:08',NULL),(23,NULL,NULL,NULL,'Charlotte.Carroll',NULL,'Alejandrin_Sanford22@yahoo.com','603-973-2225 x443',NULL,NULL,'maneger',NULL,NULL,NULL,NULL,1,NULL,NULL,'2024-01-06 03:32:08','2024-01-06 03:32:08',NULL),(24,NULL,NULL,NULL,'Eryn.Murray',NULL,'Isac_Kuphal47@gmail.com','(808) 621-8913 x7557',NULL,NULL,'maneger',NULL,NULL,NULL,NULL,1,NULL,NULL,'2024-01-06 03:32:08','2024-01-06 03:32:08',NULL),(25,NULL,NULL,NULL,'Fletcher3',NULL,'Felipe_Hintz91@yahoo.com','(890) 289-5860 x4001',NULL,NULL,'maneger',NULL,NULL,NULL,NULL,1,NULL,NULL,'2024-01-06 03:32:08','2024-01-06 03:32:08',NULL),(26,NULL,NULL,NULL,'Alexis_Gutmann74',NULL,'Esther50@gmail.com','(294) 728-2252 x9348',NULL,NULL,'engineer',NULL,NULL,NULL,NULL,1,NULL,NULL,'2024-01-06 03:32:08','2024-01-06 03:32:08',NULL),(27,NULL,NULL,NULL,'Magdalena_Lubowitz',NULL,'Rudolph.Goyette78@gmail.com','698.343.5576 x2594',NULL,NULL,'engineer',NULL,NULL,NULL,NULL,1,NULL,NULL,'2024-01-06 03:32:08','2024-01-06 03:32:08',NULL),(28,NULL,NULL,NULL,'Josefina22',NULL,'Amie34@yahoo.com','1-459-479-4126 x4634',NULL,NULL,'maneger',NULL,NULL,NULL,NULL,1,NULL,NULL,'2024-01-06 03:32:08','2024-01-06 03:32:08',NULL),(29,NULL,NULL,NULL,'Charlie.Baumbach24',NULL,'Alexandria.Lind76@gmail.com','969.680.1681 x1232',NULL,NULL,'maneger',NULL,NULL,NULL,NULL,1,NULL,NULL,'2024-01-06 03:32:08','2024-01-06 03:32:08',NULL),(30,NULL,NULL,NULL,'Myriam_Russel',NULL,'Verla_Skiles@yahoo.com','1-772-285-0993 x564',NULL,NULL,'engineer',NULL,NULL,NULL,NULL,1,NULL,NULL,'2024-01-06 03:32:08','2024-01-06 03:32:08',NULL),(31,NULL,NULL,NULL,'Hollis.DuBuque',NULL,'Paris.Cremin34@gmail.com','1-820-358-8920 x848',NULL,NULL,'maneger',NULL,NULL,NULL,NULL,1,NULL,NULL,'2024-01-06 03:32:08','2024-01-06 03:32:08',NULL),(32,NULL,NULL,NULL,'Kendrick_Reynolds94',NULL,'Tyrese.Donnelly42@gmail.com','(411) 299-2000 x3637',NULL,NULL,'maneger',NULL,NULL,NULL,NULL,1,NULL,NULL,'2024-01-06 03:32:08','2024-01-06 03:32:08',NULL),(33,NULL,NULL,NULL,'Alexandrea_Funk55',NULL,'Eve.Rempel60@yahoo.com','(945) 599-0203 x4620',NULL,NULL,'engineer',NULL,NULL,NULL,NULL,1,NULL,NULL,'2024-01-06 03:32:08','2024-01-06 03:32:08',NULL),(34,NULL,NULL,NULL,'Bria9',NULL,'Royal.Goodwin38@hotmail.com','781-699-1027 x3812',NULL,NULL,'engineer',NULL,NULL,NULL,NULL,1,NULL,NULL,'2024-01-06 03:32:08','2024-01-06 03:32:08',NULL),(35,NULL,NULL,NULL,'Curt.Wilderman',NULL,'Marty.Schuppe88@gmail.com','532.662.3285',NULL,NULL,'engineer',NULL,NULL,NULL,NULL,1,NULL,NULL,'2024-01-06 03:32:08','2024-01-06 03:32:08',NULL),(36,NULL,NULL,NULL,'Tierra.Cole',NULL,'Ben.Hane@hotmail.com','337.400.2604',NULL,NULL,'maneger',NULL,NULL,NULL,NULL,1,NULL,NULL,'2024-01-06 03:32:08','2024-01-06 03:32:08',NULL),(37,NULL,NULL,NULL,'Corbin83',NULL,'Soledad.Hane@gmail.com','1-269-249-8518',NULL,NULL,'engineer',NULL,NULL,NULL,NULL,1,NULL,NULL,'2024-01-06 03:32:08','2024-01-06 03:32:08',NULL),(38,NULL,NULL,NULL,'Jaquelin96',NULL,'Eulalia46@yahoo.com','915-852-5419 x1424',NULL,NULL,'engineer',NULL,NULL,NULL,NULL,1,NULL,NULL,'2024-01-06 03:32:08','2024-01-06 03:32:08',NULL),(39,NULL,NULL,NULL,'Krista55',NULL,'Albertha52@hotmail.com','(493) 992-1981 x895',NULL,NULL,'engineer',NULL,NULL,NULL,NULL,1,NULL,NULL,'2024-01-06 03:32:08','2024-01-06 03:32:08',NULL),(40,NULL,NULL,NULL,'Darryl_Franecki',NULL,'Dagmar.Heller8@gmail.com','877-422-6132 x6843',NULL,NULL,'engineer',NULL,NULL,NULL,NULL,1,NULL,NULL,'2024-01-06 03:32:08','2024-01-06 03:32:08',NULL),(41,NULL,NULL,NULL,'Margie98',NULL,'Sibyl_Robel@gmail.com','750-423-1935 x462',NULL,NULL,'maneger',NULL,NULL,NULL,NULL,1,NULL,NULL,'2024-01-06 03:32:08','2024-01-06 03:32:08',NULL),(42,NULL,NULL,NULL,'Harrison86',NULL,'Jaida_Hintz55@yahoo.com','1-542-334-6208 x840',NULL,NULL,'maneger',NULL,NULL,NULL,NULL,1,NULL,NULL,'2024-01-06 03:32:08','2024-01-06 03:32:08',NULL),(43,NULL,NULL,NULL,'Maia_Bashirian',NULL,'Mozelle90@gmail.com','(711) 676-5840 x64193',NULL,NULL,'engineer',NULL,NULL,NULL,NULL,1,NULL,NULL,'2024-01-06 03:32:08','2024-01-06 03:32:08',NULL),(44,NULL,NULL,NULL,'Clint.Ortiz61',NULL,'Arne18@gmail.com','444.270.9037 x3867',NULL,NULL,'engineer',NULL,NULL,NULL,NULL,1,NULL,NULL,'2024-01-06 03:32:08','2024-01-06 03:32:08',NULL),(45,NULL,NULL,NULL,'Arianna.Welch33',NULL,'Sage.Pfannerstill@yahoo.com','314.694.9443 x323',NULL,NULL,'engineer',NULL,NULL,NULL,NULL,1,NULL,NULL,'2024-01-06 03:32:08','2024-01-06 03:32:08',NULL),(46,NULL,NULL,NULL,'Lera.Lueilwitz52',NULL,'Pete.Hirthe@yahoo.com','(310) 602-9592',NULL,NULL,'engineer',NULL,NULL,NULL,NULL,1,NULL,NULL,'2024-01-06 03:32:08','2024-01-06 03:32:08',NULL),(47,NULL,NULL,NULL,'Emmanuel.Bahringer94',NULL,'Leslie_Mante3@hotmail.com','1-553-523-0554 x99588',NULL,NULL,'maneger',NULL,NULL,NULL,NULL,1,NULL,NULL,'2024-01-06 03:32:08','2024-01-06 03:32:08',NULL),(48,NULL,NULL,NULL,'Violet_Wisoky',NULL,'Else.Schmitt8@yahoo.com','(463) 758-9484',NULL,NULL,'engineer',NULL,NULL,NULL,NULL,1,NULL,NULL,'2024-01-06 03:32:08','2024-01-06 03:32:08',NULL),(49,NULL,NULL,NULL,'Kaylie.Stanton',NULL,'Alejandra.Wintheiser@gmail.com','204.660.8859',NULL,NULL,'engineer',NULL,NULL,NULL,NULL,1,NULL,NULL,'2024-01-06 03:32:08','2024-01-06 03:32:08',NULL),(50,NULL,NULL,NULL,'Kira.Paucek82',NULL,'Gonzalo_Cruickshank@gmail.com','320-827-8041 x3504',NULL,NULL,'engineer',NULL,NULL,NULL,NULL,1,NULL,NULL,'2024-01-06 03:32:08','2024-01-06 03:32:08',NULL),(51,NULL,NULL,NULL,'Dameon18',NULL,'Cecelia_Cummings15@hotmail.com','990-963-3220 x4242',NULL,NULL,'maneger',NULL,NULL,NULL,NULL,1,NULL,NULL,'2024-01-06 03:32:08','2024-01-06 03:32:08',NULL),(52,NULL,NULL,NULL,'Erika10',NULL,'Darian19@hotmail.com','1-660-554-2074 x5149',NULL,NULL,'engineer',NULL,NULL,NULL,NULL,1,NULL,NULL,'2024-01-06 03:32:08','2024-01-06 03:32:08',NULL),(53,NULL,NULL,NULL,'Erica.Emard72',NULL,'Vallie.Johnston5@gmail.com','(278) 416-7475',NULL,NULL,'maneger',NULL,NULL,NULL,NULL,1,NULL,NULL,'2024-01-06 03:32:08','2024-01-06 03:32:08',NULL),(54,NULL,NULL,NULL,'Marta.Schiller',NULL,'Zachery_Mohr@hotmail.com','(462) 809-2005',NULL,NULL,'maneger',NULL,NULL,NULL,NULL,1,NULL,NULL,'2024-01-06 03:32:08','2024-01-06 03:32:08',NULL),(55,NULL,NULL,NULL,'Lexi.Bernhard75',NULL,'Gisselle55@gmail.com','967-882-6538 x971',NULL,NULL,'maneger',NULL,NULL,NULL,NULL,1,NULL,NULL,'2024-01-06 03:32:08','2024-01-06 03:32:08',NULL),(56,NULL,NULL,NULL,'Davonte21',NULL,'Marion_Balistreri@hotmail.com','554-967-2419 x4524',NULL,NULL,'engineer',NULL,NULL,NULL,NULL,1,NULL,NULL,'2024-01-06 03:32:08','2024-01-06 03:32:08',NULL),(57,NULL,NULL,NULL,'Julio_Lynch94',NULL,'Alvena_Bauch@yahoo.com','1-495-787-4474',NULL,NULL,'engineer',NULL,NULL,NULL,NULL,1,NULL,NULL,'2024-01-06 03:32:08','2024-01-06 03:32:08',NULL),(58,NULL,NULL,NULL,'Vince_Schoen56',NULL,'Pete.Hoppe36@yahoo.com','893-567-3723 x54966',NULL,NULL,'maneger',NULL,NULL,NULL,NULL,1,NULL,NULL,'2024-01-06 03:32:08','2024-01-06 03:32:08',NULL),(59,NULL,NULL,NULL,'Lillie_Bode44',NULL,'Talia.Parker52@gmail.com','1-745-763-1208',NULL,NULL,'engineer',NULL,NULL,NULL,NULL,1,NULL,NULL,'2024-01-06 03:32:08','2024-01-06 03:32:08',NULL),(60,NULL,NULL,NULL,'Johnathon97',NULL,'Bessie.Harber46@yahoo.com','817-697-1977',NULL,NULL,'engineer',NULL,NULL,NULL,NULL,1,NULL,NULL,'2024-01-06 03:32:08','2024-01-06 03:32:08',NULL),(61,NULL,NULL,NULL,'Danyka_Turcotte',NULL,'Cyrus.Marvin-Reynolds21@hotmail.com','1-275-499-7099',NULL,NULL,'engineer',NULL,NULL,NULL,NULL,1,NULL,NULL,'2024-01-06 03:32:08','2024-01-06 03:32:08',NULL),(62,NULL,NULL,NULL,'Lina_Little',NULL,'Savannah40@hotmail.com','587.202.6049 x3720',NULL,NULL,'maneger',NULL,NULL,NULL,NULL,1,NULL,NULL,'2024-01-06 03:32:08','2024-01-06 03:32:08',NULL),(63,NULL,NULL,NULL,'Leone62',NULL,'Neal_McCullough@hotmail.com','(443) 859-4906',NULL,NULL,'maneger',NULL,NULL,NULL,NULL,1,NULL,NULL,'2024-01-06 03:32:08','2024-01-06 03:32:08',NULL),(64,NULL,NULL,NULL,'Alexane.Botsford30',NULL,'Peggie_Bashirian@gmail.com','621-897-1014',NULL,NULL,'maneger',NULL,NULL,NULL,NULL,1,NULL,NULL,'2024-01-06 03:32:08','2024-01-06 03:32:08',NULL),(65,NULL,NULL,NULL,'Verda_Hartmann97',NULL,'Karina44@hotmail.com','701.543.4789 x5609',NULL,NULL,'maneger',NULL,NULL,NULL,NULL,1,NULL,NULL,'2024-01-06 03:32:08','2024-01-06 03:32:08',NULL),(66,NULL,NULL,NULL,'Benton93',NULL,'Xzavier_Harber@gmail.com','362.333.2394 x923',NULL,NULL,'maneger',NULL,NULL,NULL,NULL,1,NULL,NULL,'2024-01-06 03:32:08','2024-01-06 03:32:08',NULL),(67,NULL,NULL,NULL,'Winnifred_Hickle',NULL,'Jerrod_Emard18@hotmail.com','558-472-3298 x619',NULL,NULL,'maneger',NULL,NULL,NULL,NULL,1,NULL,NULL,'2024-01-06 03:32:08','2024-01-06 03:32:08',NULL),(68,NULL,NULL,NULL,'Armani43',NULL,'Lon.Lehner@yahoo.com','724.464.4996 x033',NULL,NULL,'maneger',NULL,NULL,NULL,NULL,1,NULL,NULL,'2024-01-06 03:32:08','2024-01-06 03:32:08',NULL),(69,NULL,NULL,NULL,'Sallie.Harris91',NULL,'Marquis_Wiegand96@hotmail.com','(798) 595-3630 x654',NULL,NULL,'engineer',NULL,NULL,NULL,NULL,1,NULL,NULL,'2024-01-06 03:32:08','2024-01-06 03:32:08',NULL),(70,NULL,NULL,NULL,'Shaylee58',NULL,'Elyssa_Hickle40@yahoo.com','477.657.6733 x863',NULL,NULL,'maneger',NULL,NULL,NULL,NULL,1,NULL,NULL,'2024-01-06 03:32:08','2024-01-06 03:32:08',NULL),(71,NULL,NULL,NULL,'Zack_Gutkowski',NULL,'Daphnee.Conroy@hotmail.com','314.345.3190 x7890',NULL,NULL,'engineer',NULL,NULL,NULL,NULL,1,NULL,NULL,'2024-01-06 03:32:08','2024-01-06 03:32:08',NULL),(72,NULL,NULL,NULL,'Otto.Franey28',NULL,'Jacquelyn4@gmail.com','1-466-997-0239 x22061',NULL,NULL,'engineer',NULL,NULL,NULL,NULL,1,NULL,NULL,'2024-01-06 03:32:08','2024-01-06 03:32:08',NULL),(73,NULL,NULL,NULL,'Anjali60',NULL,'Kadin_Will@gmail.com','543.944.8875 x8209',NULL,NULL,'engineer',NULL,NULL,NULL,NULL,1,NULL,NULL,'2024-01-06 03:32:08','2024-01-06 03:32:08',NULL),(74,NULL,NULL,NULL,'Brittany.Morar94',NULL,'Lazaro29@gmail.com','243-490-5532 x040',NULL,NULL,'engineer',NULL,NULL,NULL,NULL,1,NULL,NULL,'2024-01-06 03:32:08','2024-01-06 03:32:08',NULL),(75,NULL,NULL,NULL,'Pansy74',NULL,'Tabitha.Johnson34@gmail.com','1-410-429-8116 x51441',NULL,NULL,'engineer',NULL,NULL,NULL,NULL,1,NULL,NULL,'2024-01-06 03:32:08','2024-01-06 03:32:08',NULL),(76,NULL,NULL,NULL,'Toney.Ankunding14',NULL,'Lyric_Kuhic@yahoo.com','676-689-4222 x59460',NULL,NULL,'maneger',NULL,NULL,NULL,NULL,1,NULL,NULL,'2024-01-06 03:32:08','2024-01-06 03:32:08',NULL),(77,NULL,NULL,NULL,'Keenan_Harber',NULL,'Edgar.Bode@gmail.com','(397) 380-1006 x847',NULL,NULL,'maneger',NULL,NULL,NULL,NULL,1,NULL,NULL,'2024-01-06 03:32:08','2024-01-06 03:32:08',NULL),(78,NULL,NULL,NULL,'Chelsie_Botsford',NULL,'Casandra_Kutch@yahoo.com','596-349-6542',NULL,NULL,'maneger',NULL,NULL,NULL,NULL,1,NULL,NULL,'2024-01-06 03:32:08','2024-01-06 03:32:08',NULL),(79,NULL,NULL,NULL,'Tristin57',NULL,'Anabel.Donnelly41@gmail.com','1-687-757-8732 x35064',NULL,NULL,'maneger',NULL,NULL,NULL,NULL,1,NULL,NULL,'2024-01-06 03:32:08','2024-01-06 03:32:08',NULL),(80,NULL,NULL,NULL,'Kayden.Bartell50',NULL,'Gabrielle_Swaniawski-Maggio@hotmail.com','1-959-356-9215',NULL,NULL,'maneger',NULL,NULL,NULL,NULL,1,NULL,NULL,'2024-01-06 03:32:08','2024-01-06 03:32:08',NULL),(81,NULL,NULL,NULL,'Kamren50',NULL,'Jonathan.Bergnaum@gmail.com','518.269.6202',NULL,NULL,'maneger',NULL,NULL,NULL,NULL,1,NULL,NULL,'2024-01-06 03:32:08','2024-01-06 03:32:08',NULL),(82,NULL,NULL,NULL,'Jaydon_Gorczany',NULL,'Ethelyn.Kovacek37@gmail.com','1-367-420-3987',NULL,NULL,'engineer',NULL,NULL,NULL,NULL,1,NULL,NULL,'2024-01-06 03:32:08','2024-01-06 03:32:08',NULL),(83,NULL,NULL,NULL,'Zackery9',NULL,'Ralph_Bahringer-Beatty@yahoo.com','504-959-9721 x983',NULL,NULL,'engineer',NULL,NULL,NULL,NULL,1,NULL,NULL,'2024-01-06 03:32:08','2024-01-06 03:32:08',NULL),(84,NULL,NULL,NULL,'Abigayle.Parker22',NULL,'Jennings9@hotmail.com','763-292-7474 x52354',NULL,NULL,'maneger',NULL,NULL,NULL,NULL,1,NULL,NULL,'2024-01-06 03:32:08','2024-01-06 03:32:08',NULL),(85,NULL,NULL,NULL,'Lucile.Kuhic88',NULL,'Jaleel23@hotmail.com','664-516-1300 x9876',NULL,NULL,'engineer',NULL,NULL,NULL,NULL,1,NULL,NULL,'2024-01-06 03:32:08','2024-01-06 03:32:08',NULL),(86,NULL,NULL,NULL,'Albina.Torphy',NULL,'Grant77@yahoo.com','215-327-8780 x823',NULL,NULL,'maneger',NULL,NULL,NULL,NULL,1,NULL,NULL,'2024-01-06 03:32:08','2024-01-06 03:32:08',NULL),(87,NULL,NULL,NULL,'Modesto14',NULL,'Giovanny48@hotmail.com','789-748-0057 x999',NULL,NULL,'engineer',NULL,NULL,NULL,NULL,1,NULL,NULL,'2024-01-06 03:32:08','2024-01-06 03:32:08',NULL),(88,NULL,NULL,NULL,'Markus5',NULL,'Roxane.Mertz28@gmail.com','(751) 311-6095 x836',NULL,NULL,'maneger',NULL,NULL,NULL,NULL,1,NULL,NULL,'2024-01-06 03:32:08','2024-01-06 03:32:08',NULL),(89,NULL,NULL,NULL,'Una.Hodkiewicz65',NULL,'Mac_Lindgren@yahoo.com','1-827-928-5700',NULL,NULL,'maneger',NULL,NULL,NULL,NULL,1,NULL,NULL,'2024-01-06 03:32:08','2024-01-06 03:32:08',NULL),(90,NULL,NULL,NULL,'Woodrow43',NULL,'Giuseppe21@gmail.com','599-246-3040',NULL,NULL,'maneger',NULL,NULL,NULL,NULL,1,NULL,NULL,'2024-01-06 03:32:08','2024-01-06 03:32:08',NULL),(91,NULL,NULL,NULL,'Malcolm3',NULL,'Jessie27@gmail.com','1-611-882-0704 x75670',NULL,NULL,'engineer',NULL,NULL,NULL,NULL,1,NULL,NULL,'2024-01-06 03:32:08','2024-01-06 03:32:08',NULL),(92,NULL,NULL,NULL,'Soledad87',NULL,'Fleta_Hodkiewicz@hotmail.com','1-338-669-7975 x49513',NULL,NULL,'maneger',NULL,NULL,NULL,NULL,1,NULL,NULL,'2024-01-06 03:32:08','2024-01-06 03:32:08',NULL),(93,NULL,NULL,NULL,'Darrin.Pfannerstill',NULL,'Cesar43@gmail.com','378-928-3516 x64517',NULL,NULL,'maneger',NULL,NULL,NULL,NULL,1,NULL,NULL,'2024-01-06 03:32:08','2024-01-06 03:32:08',NULL),(94,NULL,NULL,NULL,'Omari_Dach43',NULL,'Jaquelin94@gmail.com','(590) 629-8886 x768',NULL,NULL,'engineer',NULL,NULL,NULL,NULL,1,NULL,NULL,'2024-01-06 03:32:08','2024-01-06 03:32:08',NULL),(95,NULL,NULL,NULL,'Marques_Goldner',NULL,'Claudine.Ondricka@gmail.com','722-373-5433 x2615',NULL,NULL,'engineer',NULL,NULL,NULL,NULL,1,NULL,NULL,'2024-01-06 03:32:08','2024-01-06 03:32:08',NULL),(96,NULL,NULL,NULL,'Sammy.Bechtelar1',NULL,'Fredy39@gmail.com','1-846-958-2398 x8969',NULL,NULL,'maneger',NULL,NULL,NULL,NULL,1,NULL,NULL,'2024-01-06 03:32:08','2024-01-06 03:32:08',NULL),(97,NULL,NULL,NULL,'Zackary11',NULL,'Carlos63@yahoo.com','532.426.8670 x37341',NULL,NULL,'maneger',NULL,NULL,NULL,NULL,1,NULL,NULL,'2024-01-06 03:32:08','2024-01-06 03:32:08',NULL),(98,NULL,NULL,NULL,'Georgianna24',NULL,'Luther_Orn56@yahoo.com','400.408.1284 x48981',NULL,NULL,'engineer',NULL,NULL,NULL,NULL,1,NULL,NULL,'2024-01-06 03:32:08','2024-01-06 03:32:08',NULL),(99,NULL,NULL,NULL,'Bell_Kutch',NULL,'Loma67@hotmail.com','(408) 869-2560 x444',NULL,NULL,'engineer',NULL,NULL,NULL,NULL,1,NULL,NULL,'2024-01-06 03:32:08','2024-01-06 03:32:08',NULL),(100,NULL,NULL,NULL,'Shawn.Parker',NULL,'Lew_Walter-Torp70@hotmail.com','1-358-291-6920 x893',NULL,NULL,'engineer',NULL,NULL,NULL,NULL,1,NULL,NULL,'2024-01-06 03:32:08','2024-01-06 03:32:08',NULL);
/*!40000 ALTER TABLE `t_users` ENABLE KEYS */;
UNLOCK TABLES;
/*!40103 SET TIME_ZONE=@OLD_TIME_ZONE */;

/*!40101 SET SQL_MODE=@OLD_SQL_MODE */;
/*!40014 SET FOREIGN_KEY_CHECKS=@OLD_FOREIGN_KEY_CHECKS */;
/*!40014 SET UNIQUE_CHECKS=@OLD_UNIQUE_CHECKS */;
/*!40101 SET CHARACTER_SET_CLIENT=@OLD_CHARACTER_SET_CLIENT */;
/*!40101 SET CHARACTER_SET_RESULTS=@OLD_CHARACTER_SET_RESULTS */;
/*!40101 SET COLLATION_CONNECTION=@OLD_COLLATION_CONNECTION */;
/*!40111 SET SQL_NOTES=@OLD_SQL_NOTES */;

-- Dump completed on 2024-01-18 20:21:24
